{
    "neutral225": [
        16.56746323, 
        120.32108621
    ], 
    "pos80": [
        34.020305, 
        -117.953846
    ], 
    "neutral188": [
        33.93253079, 
        -117.93176801
    ], 
    "neg19": [
        34.0437546, 
        -118.2324524
    ], 
    "pos85": [
        34.0955315, 
        -118.2843018
    ], 
    "pos84": [
        34.0824318, 
        -118.3851471
    ], 
    "pos185": [
        34.11921066, 
        -118.30026067
    ], 
    "neutral117": [
        34.0418892, 
        -118.266861
    ], 
    "pos89": [
        34.10165393, 
        -118.32636446
    ], 
    "neutral187": [
        34.0418892, 
        -118.266861
    ], 
    "neutral180": [
        32.698349, 
        -117.1393433
    ], 
    "neutral179": [
        34.1184807, 
        -118.26091
    ], 
    "pos183": [
        34.0631451, 
        -118.4367551
    ], 
    "neutral96": [
        34.04234924, 
        -118.23716378
    ], 
    "pos138": [
        32.8406775, 
        -117.2587935
    ], 
    "pos107": [
        34.0955315, 
        -118.2843018
    ], 
    "pos106": [
        34.0824318, 
        -118.3851471
    ], 
    "neutral39": [
        34.08404929, 
        -117.76666671
    ], 
    "neutral59": [
        34.09813973, 
        -118.34377204
    ], 
    "pos102": [
        34.020305, 
        -117.953846
    ], 
    "neutral35": [
        34.11921066, 
        -118.30026067
    ], 
    "neutral34": [
        34.08341949, 
        -118.37379608
    ], 
    "neutral37": [
        34.09813973, 
        -118.34377204
    ], 
    "neutral114": [
        34.04108504, 
        -118.26721072
    ], 
    "pos109": [
        34.0522, 
        -118.243
    ], 
    "neutral30": [
        32.7754789, 
        -117.044792
    ], 
    "neutral32": [
        34.05854999, 
        -118.41901166
    ], 
    "neutral183": [
        34.0502701, 
        -118.2550583
    ], 
    "pos76": [
        34.11921066, 
        -118.30026067
    ], 
    "neutral131": [
        34.0837668, 
        -118.35099166
    ], 
    "neutral130": [
        33.9275, 
        -118.27722
    ], 
    "neutral133": [
        33.9442368, 
        -118.3975983
    ], 
    "neutral132": [
        34.06983105, 
        -118.22546868
    ], 
    "neutral135": [
        34.0543137, 
        -118.2502899
    ], 
    "neutral134": [
        33.98538962, 
        -118.47195779
    ], 
    "neutral136": [
        34.0380898, 
        -118.6742172
    ], 
    "neutral139": [
        34.04418327, 
        -118.26596652
    ], 
    "neg75": [
        34.01231, 
        -118.3887863
    ], 
    "pos34": [
        34.01231, 
        -118.3887863
    ], 
    "pos35": [
        34.0522, 
        -118.243
    ], 
    "pos32": [
        34.02767735, 
        -118.46931566
    ], 
    "neutral186": [
        33.940135, 
        -117.97434867
    ], 
    "neutral193": [
        34.33333333, 
        -118.13333333
    ], 
    "neutral62": [
        32.853948, 
        -117.254684
    ], 
    "neutral148": [
        34.10111111, 
        -118.34166667
    ], 
    "neutral190": [
        34.05472592, 
        -118.25980783
    ], 
    "neutral197": [
        34.1129, 
        -117.76526
    ], 
    "neutral196": [
        34.05161048, 
        -118.24533538
    ], 
    "neutral195": [
        33.95629085, 
        -117.55181521
    ], 
    "neutral63": [
        34.07217665, 
        -118.35843847
    ], 
    "neg2": [
        34.13506213, 
        -118.36049555
    ], 
    "neutral199": [
        34.0522, 
        -118.243
    ], 
    "pos97": [
        34.04583934, 
        -118.25239507
    ], 
    "pos90": [
        34.08368195, 
        -118.3752175
    ], 
    "pos91": [
        32.8486404, 
        -117.2737732
    ], 
    "neutral181": [
        32.698349, 
        -117.1393433
    ], 
    "pos131": [
        34.0522, 
        -118.243
    ], 
    "pos132": [
        34.066358, 
        -118.208202
    ], 
    "neutral61": [
        34.07217665, 
        -118.35843847
    ], 
    "pos135": [
        34.10106976, 
        -118.33123015
    ], 
    "neutral28": [
        34.05259414, 
        -118.25684507
    ], 
    "neutral29": [
        34.0127411, 
        -118.2759705
    ], 
    "neutral26": [
        34.0663414, 
        -118.4129868
    ], 
    "neutral27": [
        33.98538962, 
        -118.47195779
    ], 
    "neutral24": [
        31.91023331, 
        -116.59937898
    ], 
    "neutral25": [
        34.09516686, 
        -118.37318843
    ], 
    "neutral22": [
        34.0981255, 
        -118.3313065
    ], 
    "neutral23": [
        34.167343, 
        -118.596642
    ], 
    "neutral20": [
        34.40386683, 
        -119.69794049
    ], 
    "neutral21": [
        34.0832405, 
        -118.3476868
    ], 
    "neutral64": [
        34.05259414, 
        -118.25684507
    ], 
    "neg80": [
        34.01742696, 
        -118.50140588
    ], 
    "neutral147": [
        34.0762062, 
        -118.3692856
    ], 
    "neutral104": [
        34.10165393, 
        -118.32636446
    ], 
    "neg179": [
        34.20849, 
        -118.20968
    ], 
    "neutral106": [
        34.0418892, 
        -118.266861
    ], 
    "neutral107": [
        34.09444444, 
        -118.2675
    ], 
    "neutral100": [
        34.045639, 
        -118.2352829
    ], 
    "neutral101": [
        34.09812183, 
        -118.36522308
    ], 
    "neutral102": [
        34.05027315, 
        -118.25323618
    ], 
    "neutral103": [
        34.10171884, 
        -118.33940773
    ], 
    "neg170": [
        34.0418892, 
        -118.266861
    ], 
    "pos160": [
        32.8406775, 
        -117.2587935
    ], 
    "neutral108": [
        33.59944444, 
        -117.10638889
    ], 
    "neg37": [
        34.0418892, 
        -118.266861
    ], 
    "neutral115": [
        34.05897339, 
        -118.17693691
    ], 
    "neutral69": [
        34.1494761, 
        -118.1289711
    ], 
    "neutral164": [
        34.0666607, 
        -118.16808232
    ], 
    "neg191": [
        32.87076798, 
        -117.22565532
    ], 
    "neg197": [
        34.0606766, 
        -118.3251343
    ], 
    "neutral13": [
        35.36944547, 
        -119.09196834
    ], 
    "neutral12": [
        34.04495388, 
        -118.44241651
    ], 
    "neutral11": [
        34.04346474, 
        -118.26690742
    ], 
    "neutral10": [
        34.01713097, 
        -118.34969624
    ], 
    "neutral17": [
        34.08404929, 
        -117.76666671
    ], 
    "neutral16": [
        34.05352101, 
        -118.23132762
    ], 
    "neutral15": [
        34.04364763, 
        -118.26617258
    ], 
    "neutral14": [
        34.05352101, 
        -118.23132762
    ], 
    "pos6": [
        37.3973465, 
        -122.0608978
    ], 
    "neg11": [
        34.0418892, 
        -118.266861
    ], 
    "neutral19": [
        34.05527778, 
        -118.25
    ], 
    "neutral18": [
        34.1129, 
        -117.76526
    ], 
    "pos2": [
        37.3973465, 
        -122.0608978
    ], 
    "neg15": [
        34.0418892, 
        -118.266861
    ], 
    "pos15": [
        32.84259, 
        -117.27227
    ], 
    "neutral99": [
        34.02036264, 
        -117.95272338
    ], 
    "neutral118": [
        34.11921066, 
        -118.30026067
    ], 
    "pos11": [
        34.0335007, 
        -118.1949615
    ], 
    "neutral105": [
        34.08365488, 
        -118.35133104
    ], 
    "neutral93": [
        34.09807167, 
        -118.36813775
    ], 
    "neutral31": [
        33.91706294, 
        -117.9687887
    ], 
    "neutral111": [
        33.9442368, 
        -118.3975983
    ], 
    "neutral90": [
        33.07766863, 
        -117.25247413
    ], 
    "neutral97": [
        34.04191415, 
        -118.23519126
    ], 
    "pos19": [
        32.84259, 
        -117.27227
    ], 
    "neutral95": [
        34.0418892, 
        -118.266861
    ], 
    "neutral94": [
        33.9442368, 
        -118.3975983
    ],