{
    "neutral3399": [
        40.76382254, 
        -73.97301
    ], 
    "neutral1706": [
        34.46638889, 
        -117.18833333
    ], 
    "pos7534": [
        43.105381, 
        -73.5901489
    ], 
    "neutral9813": [
        41.1959686, 
        -73.0913925
    ], 
    "neutral7165": [
        38.9572639, 
        -92.0792236
    ], 
    "neutral1766": [
        38.478863, 
        -89.94069629
    ], 
    "neutral5241": [
        40.69354781, 
        -73.74536959
    ], 
    "neutral5261": [
        41.72560885, 
        -74.01068694
    ], 
    "neutral8111": [
        42.2551537, 
        -88.4808426
    ], 
    "neg5286": [
        43.2471004, 
        -79.867809
    ], 
    "neg2677": [
        51.7216176, 
        -0.2042501
    ], 
    "neutral2532": [
        42.39272164, 
        -88.80124985
    ], 
    "neutral7884": [
        4.72483753, 
        -74.04586655
    ], 
    "neutral1799": [
        43.06160496, 
        -88.40356819
    ], 
    "neutral9557": [
        38.75564039, 
        -120.67898243
    ], 
    "neutral9340": [
        10.6895802, 
        -61.55370054
    ], 
    "pos9018": [
        43.480751, 
        -110.7640686
    ], 
    "pos8047": [
        41.3678093, 
        -82.3060913
    ], 
    "neutral9228": [
        -23.55, 
        -46.6333
    ], 
    "neutral8693": [
        42.4084091, 
        -71.5170288
    ], 
    "neutral9132": [
        42.57313272, 
        -70.96406853
    ], 
    "neutral805": [
        43.84, 
        -79.21
    ], 
    "neutral7755": [
        25.290345, 
        55.364516
    ], 
    "neutral802": [
        38.7422231, 
        -120.72888377
    ], 
    "neutral6152": [
        46.6020711, 
        -120.5058987
    ], 
    "neutral7068": [
        -6.73128, 
        107.04905
    ], 
    "pos1431": [
        35.23964304, 
        -82.43650813
    ], 
    "neutral8846": [
        36.9798813, 
        -121.7801819
    ], 
    "neutral6236": [
        41.60771714, 
        -73.70647096
    ], 
    "neg3412": [
        34.47079506, 
        -117.25029945
    ], 
    "neutral9134": [
        42.33516185, 
        -83.55476206
    ], 
    "neutral1468": [
        32.8150839, 
        -80.0632126
    ], 
    "neg597": [
        40.7311897, 
        -74.0032272
    ], 
    "pos3142": [
        37.99177768, 
        -78.47169999
    ], 
    "neutral2567": [
        42.36, 
        -71.055
    ], 
    "neutral7548": [
        38.22916667, 
        -75.14361111
    ],
    "neutral17499": [
        39.65561685, 
        -86.13765166
    ], 
    "neutral10801": [
        41.52862795, 
        -83.64101887
    ], 
    "neutral12758": [
        33.44632112, 
        -86.79340839
    ], 
    "pos16356": [
        1.340116, 
        103.7067062
    ], 
    "pos17489": [
        32.6921, 
        -114.615
    ], 
    "neutral1057": [
        42.39100861, 
        -87.9599762
    ], 
    "neg3907": [
        -3.75729983, 
        -38.48839045
    ], 
    "neutral3850": [
        32.94941476, 
        -96.73815371
    ], 
    "neg4762": [
        38.87224127, 
        -77.22884417
    ], 
    "neutral6538": [
        1.50027, 
        124.8943
    ], 
    "neutral3006": [
        32.7153, 
        -117.156
    ], 
    "neutral4516": [
        42.04865296, 
        -87.684556
    ], 
    "neg14893": [
        -8.71008, 
        115.17688
    ], 
    "neg13632": [
        52.49847073, 
        13.34986871
    ], 
    "neg1968": [
        -30.02477618, 
        -51.16182804
    ], 
    "neutral10597": [
        28.0410862, 
        -81.7365723
    ], 
    "neg45": [
        41.92395275, 
        -87.65737346
    ], 
    "pos3528": [
        40.41368651, 
        -3.70377476
    ], 
    "pos13021": [
        39.45524377, 
        -76.31655375
    ], 
    "pos12197": [
        50.7685471, 
        0.2877793
    ], 
    "neutral8111": [
        42.2551537, 
        -88.4808426
    ], 
    "neutral4119": [
        41.08553327, 
        29.00686744
    ], 
    "neg5286": [
        43.2471004, 
        -79.867809
    ], 
    "neutral3408": [
        40.73405166, 
        -73.99073727
    ], 
    "neutral10600": [
        40.73405166, 
        -73.99073727
    ], 
    "neg13067": [
        37.78189727, 
        -122.45156792
    ], 
    "neutral7884": [
        4.72483753, 
        -74.04586655
    ], 
    "pos3644": [
        53.41019559, 
        -2.92644341
    ], 
    "pos11586": [
        51.43695165, 
        0.27097482
    ], 
    "neg2419": [
        39.99008794, 
        -85.93343554
    ], 
    "neutral9340": [
        10.6895802, 
        -61.55370054
    ], 
    "neg14245": [
        37.62950472, 
        -77.55811932
    ], 
    "pos8047": [
        41.3678093, 
        -82.3060913
    ], 
    "neutral987": [
        41.89256616, 
        -87.62480736
    ], 
    "neutral1343": [
        37.78444812, 
        -122.40364373
    ], 
    "pos13312": [
        43.93757414, 
        -69.98136371
    ], 
    "neg6839": [
        52.6646061, 
        -8.623954
    ], 
    "neg8318": [
        38.56684104, 
        -121.33929491
    ], 
    "neg10480": [
        43.1187403, 
        -87.90627265
    ], 
    "neutral16438": [
        -34.03532392, 
        151.10002398
    ], 
    "neutral8434": [
        37.41471641, 
        -122.08072722
    ], 
    "neutral6507": [
        -5.14864, 
        119.48882
    ], 
    "neutral7755": [
        25.290345, 
        55.364516
    ], 
    "neutral6152": [
        46.6020711, 
        -120.5058987
    ], 
    "pos1279": [
        41.64987112, 
        0.56767946
    ], 
    "neutral1131": [
        49.0454353, 
        -122.7943182
    ], 
    "neutral13477": [
        29.26773795, 
        47.99262274
    ], 
    "neutral5849": [
        23.61122214, 
        58.45398188
    ], 
    "pos2037": [
        52.18943635, 
        -2.21858519
    ], 
    "pos1431": [
        35.23964304, 
        -82.43650813
    ], 
    "neg12135": [
        37.28851327, 
        -76.72470964
    ], 
    "pos16756": [
        41.721965, 
        -72.11323667
    ], 
    "pos1825": [
        42.39473273, 
        -71.07940793
    ], 
    "neg13484": [
        38.76730334, 
        -121.26596147
    ], 
    "neutral8232": [
        -16.92228858, 
        145.77415466
    ], 
    "neutral15971": [
        -7.26084, 
        112.74909
    ], 
    "neg3412": [
        34.47079506, 
        -117.25029945
    ], 
    "neg7590": [
        18.52679357, 
        73.87796239
    ], 
    "neutral9134": [
        42.33516185, 
        -83.55476206
    ], 
    "neg4697": [
        51.52047047, 
        -0.15680581
    ], 
    "neutral12130": [
        33.94220621, 
        -118.13318055
    ], 
    "neutral9132": [
        42.57313272, 
        -70.96406853
    ], 
    "neutral8400": [
        -6.89402, 
        107.60554
    ], 
    "pos7412": [
        -33.884936, 
        151.157377
    ], 
    "neutral9447": [
        33.5696, 
        -117.202
    ], 
    "neg1532": [
        -3.10379225, 
        -60.01225948
    ], 
    "neg842": [
        41.57622779, 
        -88.16603556
    ], 
    "neg9051": [
        37.5000401, 
        -121.97169542
    ], 
    "pos4797": [
        51.54266851, 
        -0.17492009
    ], 
    "neutral10508": [
        30.46990742, 
        -97.59824753
    ], 
    "pos7534": [
        43.105381, 
        -73.5901489
    ], 
    "neutral3901": [
        51.04075724, 
        3.73045399
    ], 
    "neutral6242": [
        -6.17164, 
        106.78348
    ], 
    "neutral9813": [
        41.1959686, 
        -73.0913925
    ], 
    "neutral3029": [
        42.22715755, 
        -83.68269303
    ], 
    "neutral4105": [
        51.45552212, 
        -0.19269137
    ], 
    "neutral11951": [
        37.63253694, 
        -122.1172113
    ], 
    "pos9979": [
        25.19728088, 
        55.28132629
    ], 
    "neg1433": [
        41.71293697, 
        -88.20888519
    ], 
    "neg1465": [
        29.12537708, 
        -110.95364112
    ],