{
    "neutral2933": [
        42.22715755, 
        -83.68269303
    ], 
    "neg13539": [
        52.49847073, 
        13.34986871
    ], 
    "neg1682": [
        29.60844272, 
        -98.59912992
    ], 
    "neutral1055": [
        47.61660736, 
        -122.20101357
    ], 
    "neg2323": [
        39.99008794, 
        -85.93343554
    ], 
    "neg9434": [
        45.39735368, 
        -122.7521508
    ], 
    "neg3305": [
        37.33305347, 
        -121.88742802
    ], 
    "pos12883": [
        25.11906382, 
        55.20187287
    ], 
    "neutral3928": [
        42.2765848, 
        -83.0288902
    ], 
    "neutral9973": [
        41.56867851, 
        -93.80380154
    ], 
    "neutral3483": [
        32.59242133, 
        -96.9501573
    ], 
    "neg12042": [
        37.28851327, 
        -76.72470964
    ], 
    "pos6850": [
        53.56293212, 
        -1.18407877
    ], 
    "neg2207": [
        51.51855487, 
        -0.13233061
    ], 
    "neg4604": [
        51.52047047, 
        -0.15680581
    ], 
    "neutral6149": [
        -6.17164, 
        106.78348
    ], 
    "neg433": [
        37.9996423, 
        -122.0487503
    ], 
    "neg6027": [
        -19.97409496, 
        -44.02142286
    ], 
    "pos11493": [
        51.43695165, 
        0.27097482
    ], 
    "neg3831": [
        40.48595901, 
        -3.6656034
    ], 
    "neutral10609": [
        51.28226849, 
        1.07846369
    ], 
    "neutral10513": [
        40.75685535, 
        -73.98903755
    ], 
    "neutral588": [
        34.05161048, 
        -118.24533538
    ], 
    "neutral8887": [
        41.8693531, 
        -87.63275743
    ], 
    "neg12987": [
        43.510464, 
        -79.66954708
    ], 
    "pos5981": [
        3.2373043, 
        101.6556261
    ], 
    "neg1337": [
        41.71293697, 
        -88.20888519
    ], 
    "neutral1023": [
        40.71461229, 
        -74.01515282
    ], 
    "pos1941": [
        52.18943635, 
        -2.21858519
    ], 
    "neutral4449": [
        40.77472673, 
        -73.98188093
    ], 
    "neutral3015": [
        33.89926007, 
        -117.56253365
    ], 
    "neg6746": [
        52.6646061, 
        -8.623954
    ], 
    "pos3432": [
        40.41368651, 
        -3.70377476
    ], 
    "neg4082": [
        41.92134177, 
        -87.66557265
    ], 
    "neutral3494": [
        27.94706146, 
        -82.52650738
    ], 
    "pos7319": [
        -33.884936, 
        151.157377
    ], 
    "neg1436": [
        -3.10379225, 
        -60.01225948
    ], 
    "neutral5840": [
        29.26773795, 
        47.99262274
    ], 
    "neutral2132": [
        43.49626965, 
        -80.52577257
    ], 
    "neg1872": [
        -30.02477618, 
        -51.16182804
    ], 
    "pos1787": [
        30.38792705, 
        -97.73968208
    ], 
    "neg4613": [
        41.507097, 
        1.90294962
    ], 
    "neutral3094": [
        30.35988768, 
        -97.73482561
    ], 
    "neutral9526": [
        34.07191414, 
        -118.35800645
    ], 
    "neutral5688": [
        -6.88843, 
        107.59609
    ], 
    "pos5580": [
        51.55831054, 
        -0.11865637
    ], 
    "neutral10507": [
        40.73405166, 
        -73.99073727
    ], 
    "neutral9354": [
        33.5696, 
        -117.202
    ], 
    "neutral12037": [
        33.94220621, 
        -118.13318055
    ], 
    "pos2527": [
        59.9046359, 
        10.6232328
    ], 
    "neg13791": [
        29.5765, 
        35.41992778
    ], 
    "neg8973": [
        33.57501134, 
        -112.12265611
    ], 
    "neutral10838": [
        32.53950541, 
        -84.96881962
    ], 
    "neutral1035": [
        49.0454353, 
        -122.7943182
    ], 
    "neutral10831": [
        42.25836529, 
        -72.57617712
    ], 
    "neg12974": [
        37.78189727, 
        -122.45156792
    ], 
    "neg9835": [
        44.87957025, 
        -93.32633615
    ], 
    "pos13219": [
        43.93757414, 
        -69.98136371
    ], 
    "neutral5756": [
        23.61122214, 
        58.45398188
    ], 
    "neg3324": [
        43.66897295, 
        -79.38900723
    ], 
    "neutral2790": [
        32.7153, 
        -117.156
    ], 
    "neutral8975": [
        30.25584684, 
        -97.76341796
    ], 
    "neg6124": [
        3.57062, 
        98.66631
    ], 
    "neg2730": [
        -30.04968648, 
        -51.22851849
    ], 
    "neutral8139": [
        -16.92228858, 
        145.77415466
    ], 
    "pos6739": [
        -6.89729, 
        107.60885
    ], 
    "neutral10180": [
        41.93006355, 
        -87.68845273
    ], 
    "neutral8307": [
        -6.89402, 
        107.60554
    ], 
    "neutral5693": [
        40.41160938, 
        -74.14720647
    ], 
    "neg9577": [
        41.721966, 
        -72.113238
    ], 
    "neg14152": [
        37.62950472, 
        -77.55811932
    ], 
    "neg10428": [
        -19.94150183, 
        -43.93419743
    ], 
    "neutral1247": [
        37.78444812, 
        -122.40364373
    ], 
    "neg9768": [
        39.68124476, 
        -104.9392913
    ], 
    "neutral681": [
        39.61828867, 
        -104.90095681
    ], 
    "neutral6445": [
        1.50027, 
        124.8943
    ], 
    "pos4704": [
        51.54266851, 
        -0.17492009
    ], 
    "neutral961": [
        42.39100861, 
        -87.9599762
    ], 
    "neutral12665": [
        33.44632112, 
        -86.79340839
    ], 
    "neutral5982": [
        -6.23909, 
        106.62876
    ], 
    "neutral4423": [
        42.04865296, 
        -87.684556
    ], 
    "neutral8125": [
        -6.92936, 
        107.58582
    ], 
    "neg10184": [
        39.09504701, 
        -84.49638605
    ], 
    "neutral10504": [
        28.0410862, 
        -81.7365723
    ], 
    "pos6962": [
        29.17476326, 
        48.09710287
    ], 
    "pos11776": [
        40.41368651, 
        -3.70377476
    ], 
    "neg11122": [
        41.92134177, 
        -87.66557265
    ], 
    "pos13425": [
        26.2334, 
        50.5538
    ], 
    "neutral8147": [
        -7.78467, 
        110.38904
    ], 
    "neg10109": [
        41.61632464, 
        -93.7344718
    ], 
    "pos12104": [
        50.7685471, 
        0.2877793
    ], 
    "neutral2910": [
        32.7153, 
        -117.156
    ], 
    "neutral4023": [
        41.08553327, 
        29.00686744
    ], 
    "neg9000": [
        3.15042, 
        101.6167
    ], 
    "neutral8856": [
        34.06597663, 
        -118.38977332
    ], 
    "neg1249": [
        -34.54668609, 
        -58.4874773
    ], 
    "neg8047": [
        45.6384946, 
        -63.0702536
    ], 
    "neg4574": [
        40.43153055, 
        -3.70319996
    ], 
    "neutral3805": [
        51.04075724, 
        3.73045399
    ], 
    "pos8525": [
        -8.71653, 
        115.17033
    ], 
    "neg2811": [
        40.91532869, 
        -74.0767014
    ], 
    "pos13688": [
        -8.73132, 
        115.1751
    ], 
    "neg5910": [
        3.10505639, 
        101.59605861
    ], 
    "neutral10010": [
        42.91304774, 
        -87.9341197
    ], 
    "neg9692": [
        34.06603399, 
        -118.38974368
    ], 
    "neutral4095": [
        40.4182011, 
        -74.1697526
    ], 
    "neutral5732": [
        41.11181626, 
        -83.21238053
    ], 
    "neg6156": [
        -7.26199, 
        112.75027
    ], 
    "neutral3378": [
        32.34048459, 
        -86.17710114
    ], 
    "neg12168": [
        39.4618905, 
        -84.561956
    ], 
    "neg3076": [
        30.35976, 
        -97.7348
    ], 
    "neutral13601": [
        3.57373, 
        98.66596
    ], 
    "neg4726": [
        -6.56248, 
        106.77837
    ], 
    "neutral1396": [
        36.1547091, 
        -115.3347715
    ], 
    "neutral170": [
        33.82275787, 
        -116.5398761
    ], 
    "neutral12102": [
        51.61828967, 
        -3.94023478
    ],